Workbook

Sheet Anleitung
B1: Urlaubswünsche Kreativtherapie – Jahresplanung
B2: In dieser Datei sammeln wir unsere Urlaubswünsche für das ganze Jahr. Das ist keine Genehmigung: Die Planung überträgt die Wünsche später ins ATOSS. Wer sehen will, wo es im Fachteam oder auf einer Station eng wird, öffnet die Ansicht »Urlaubsansicht.html« (liegt im selben Ordner).
B4: So trage ich meine Wünsche ein
B5: 1. Blatt »Wünsche« öffnen. Für JEDEN Urlaubsblock eine eigene Zeile – z. B. 3 Zeilen für »2 Wochen Sommer, 1 Woche Herbst, Brückentag im Mai«.
B6: 2. Spalte A: eigenen Namen aus der Liste wählen (bitte nicht tippen).
B7: 3. Von / Bis eintragen, z. B. 12.07.2027. Ein einzelner Tag: Von = Bis.
B8: 4. Verschiebbar? ja = ich bin flexibel · etwas = ein paar Tage gehen · nein = Termin steht fest (z. B. gebuchte Reise). Das hilft bei der Absprache.
B9: 5. Die grauen Spalten rechnen von selbst (Wunsch-Nr., Arbeitstage, Hinweis). »ok« heißt: Eingabe ist vollständig. Ob es einen Engpass gibt, zeigt die Urlaubsansicht.
B10: 6. Wunsch ändern: Von/Bis überschreiben. Wunsch fällt weg: Zellen A–E der Zeile markieren → Entf.
B11: 7. Speichern und schließen.
B13: So nutze ich die Urlaubsansicht (Urlaubsansicht.html)
B14: 1. Datei Urlaubsansicht.html doppelklicken – sie öffnet sich im Browser (Edge, Chrome oder Firefox).
... B34: • Urlaubszeiten sind personenbezogene Daten: nur im Klinik-System ablegen, Zugriff nur fürs Team.

Sheet Wünsche
A1: Urlaubswünsche
A2: Für jeden Urlaubsblock eine eigene Zeile – mehrere Wünsche pro Person sind erwünscht. Hellgelb ausfüllen, grau rechnet von selbst.
A3: Nur Wünsche, keine Genehmigung. Engpässe zeigt die Urlaubsansicht (Urlaubsansicht.html).
A4: Ich trage ein | F4: wird berechnet | J4: Planung
A5: Name | B5: Von | C5: Bis | D5: Verschiebbar? | E5: Bemerkung / Absprache | F5: Fachrichtung | G5: Wunsch Nr. | H5: Arbeits- tage | I5: Hinweis | J5: In ATOSS übertragen am
A6: Beispiel Anna | B6: 46573 | C6: 46591 | D6: etwas | E6: mit Ben getauscht | F6: =IF($A6="","",IFERROR(INDEX(Team!$B$5:$B$64,MATCH($A6,Team!$A$5:$A$64,0)),"?")) -> Ergotherapie | G6: =IF($A6="","",COUNTIF($A$6:$A6,$A6)&". Wunsch") -> 1. Wunsch | H6: =IF(OR($A6="",$B6="",$C6="",$C6<$B6),"",NETWORKDAYS($B6,$C6,Einstellungen!$N$7:$N$40)) -> 15 | I6: =IF($A6="","",IF(OR($B6="",$C6=""),"Von und Bis eintragen",IF($C6<$B6,"Bis liegt vor Von",IF(ISNA(MATCH($A6,Team!$A$5:$A$64,0)),"Name fehlt im Blatt Team",IF(COUNTIFS($A$6:$A$605,$A6,$B$6:$B$605,"<="&$C6,$C$6:$C$605,">="&$B6)>1,"Überschneidet sich mit eigenem Wunsch",IF(OR($B6<Einstellungen!$B$3,$C6>Einstellungen!$B$4),"Teils außerhalb des Planungsjahres","ok")))))) -> ok
A7: Beispiel Anna | B7: 46685 | C7: 46689 | D7: ja | F7: =IF($A7="","",IFERROR(INDEX(Team!$B$5:$B$64,MATCH($A7,Team!$A$5:$A$64,0)),"?")) -> Ergotherapie | G7: =IF($A7="","",COUNTIF($A$6:$A7,$A7)&". Wunsch") -> 2. Wunsch | H7: =IF(OR($A7="",$B7="",$C7="",$C7<$B7),"",NETWORKDAYS($B7,$C7,Einstellungen!$N$7:$N$40)) -> 5 | I7: =IF($A7="","",IF(OR($B7="",$C7=""),"Von und Bis eintragen",IF($C7<$B7,"Bis liegt vor Von",IF(ISNA(MATCH($A7,Team!$A$5:$A$64,0)),"Name fehlt im Blatt Team",IF(COUNTIFS($A$6:$A$605,$A7,$B$6:$B$605,"<="&$C7,$C$6:$C$605,">="&$B7)>1,"Überschneidet sich mit eigenem Wunsch",IF(OR($B7<Einstellungen!$B$3,$C7>Einstellungen!$B$4),"Teils außerhalb des Planungsjahres","ok")))))) -> ok
A8: Beispiel Anna | B8: 46748 | C8: 46752 | D8: nein | F8: =IF($A8="","",IFERROR(INDEX(Team!$B$5:$B$64,MATCH($A8,Team!$A$5:$A$64,0)),"?")) -> Ergotherapie | G8: =IF($A8="","",COUNTIF($A$6:$A8,$A8)&". Wunsch") -> 3. Wunsch | H8: =IF(OR($A8="",$B8="",$C8="",$C8<$B8),"",NETWORKDAYS($B8,$C8,Einstellungen!$N$7:$N$40)) -> 5 | I8: =IF($A8="","",IF(OR($B8="",$C8=""),"Von und Bis eintragen",IF($C8<$B8,"Bis liegt vor Von",IF(ISNA(MATCH($A8,Team!$A$5:$A$64,0)),"Name fehlt im Blatt Team",IF(COUNTIFS($A$6:$A$605,$A8,$B$6:$B$605,"<="&$C8,$C$6:$C$605,">="&$B8)>1,"Überschneidet sich mit eigenem Wunsch",IF(OR($B8<Einstellungen!$B$3,$C8>Einstellungen!$B$4),"Teils außerhalb des Planungsjahres","ok")))))) -> ok
A9: Beispiel Ben | B9: 46594 | C9: 46612 | D9: ja | F9: =IF($A9="","",IFERROR(INDEX(Team!$B$5:$B$64,MATCH($A9,Team!$A$5:$A$64,0)),"?")) -> Ergotherapie | G9: =IF($A9="","",COUNTIF($A$6:$A9,$A9)&". Wunsch") -> 1. Wunsch | H9: =IF(OR($A9="",$B9="",$C9="",$C9<$B9),"",NETWORKDAYS($B9,$C9,Einstellungen!$N$7:$N$40)) -> 15 | I9: =IF($A9="","",IF(OR($B9="",$C9=""),"Von und Bis eintragen",IF($C9<$B9,"Bis liegt vor Von",IF(ISNA(MATCH($A9,Team!$A$5:$A$64,0)),"Name fehlt im Blatt Team",IF(COUNTIFS($A$6:$A$605,$A9,$B$6:$B$605,"<="&$C9,$C$6:$C$605,">="&$B9)>1,"Überschneidet sich mit eigenem Wunsch",IF(OR($B9<Einstellungen!$B$3,$C9>Einstellungen!$B$4),"Teils außerhalb des Planungsjahres","ok")))))) -> ok
A10: Beispiel Ben | B10: 46514 | C10: 46514 | D10: ja | E10: Brückentag | F10: =IF($A10="","",IFERROR(INDEX(Team!$B$5:$B$64,MATCH($A10,Team!$A$5:$A$64,0)),"?")) -> Ergotherapie | G10: =IF($A10="","",COUNTIF($A$6:$A10,$A10)&". Wunsch") -> 2. Wunsch | H10: =IF(OR($A10="",$B10="",$C10="",$C10<$B10),"",NETWORKDAYS($B10,$C10,Einstellungen!$N$7:$N$40)) -> 1 | I10: =IF($A10="","",IF(OR($B10="",$C10=""),"Von und Bis eintragen",IF($C10<$B10,"Bis liegt vor Von",IF(ISNA(MATCH($A10,Team!$A$5:$A$64,0)),"Name fehlt im Blatt Team",IF(COUNTIFS($A$6:$A$605,$A10,$B$6:$B$605,"<="&$C10,$C$6:$C$605,">="&$B10)>1,"Überschneidet sich mit eigenem Wunsch",IF(OR($B10<Einstellungen!$B$3,$C10>Einstellungen!$B$4),"Teils außerhalb des Planungsjahres","ok")))))) -> ok
A11: Beispiel Clara | B11: 46601 | C11: 46619 | D11: etwas | F11: =IF($A11="","",IFERROR(INDEX(Team!$B$5:$B$64,MATCH($A11,Team!$A$5:$A$64,0)),"?")) -> Ergotherapie | G11: =IF($A11="","",COUNTIF($A$6:$A11,$A11)&". Wunsch") -> 1. Wunsch | H11: =IF(OR($A11="",$B11="",$C11="",$C11<$B11),"",NETWORKDAYS($B11,$C11,Einstellungen!$N$7:$N$40)) -> 15 | I11: =IF($A11="","",IF(OR($B11="",$C11=""),"Von und Bis eintragen",IF($C11<$B11,"Bis liegt vor Von",IF(ISNA(MATCH($A11,Team!$A$5:$A$64,0)),"Name fehlt im Blatt Team",IF(COUNTIFS($A$6:$A$605,$A11,$B$6:$B$605,"<="&$C11,$C$6:$C$605,">="&$B11)>1,"Überschneidet sich mit eigenem Wunsch",IF(OR($B11<Einstellungen!$B$3,$C11>Einstellungen!$B$4),"Teils außerhalb des Planungsjahres","ok")))))) -> ok
A12: Beispiel David | B12: 46580 | C12: 46598 | D12: nein | E12: Reise gebucht | F12: =IF($A12="","",IFERROR(INDEX(Team!$B$5:$B$64,MATCH($A12,Team!$A$5:$A$64,0)),"?")) -> Musiktherapie | G12: =IF($A12="","",COUNTIF($A$6:$A12,$A12)&". Wunsch") -> 1. Wunsch | H12: =IF(OR($A12="",$B12="",$C12="",$C12<$B12),"",NETWORKDAYS($B12,$C12,Einstellungen!$N$7:$N$40)) -> 15 | I12: =IF($A12="","",IF(OR($B12="",$C12=""),"Von und Bis eintragen",IF($C12<$B12,"Bis liegt vor Von",IF(ISNA(MATCH($A12,Team!$A$5:$A$64,0)),"Name fehlt im Blatt Team",IF(COUNTIFS($A$6:$A$605,$A12,$B$6:$B$605,"<="&$C12,$C$6:$C$605,">="&$B12)>1,"Überschneidet sich mit eigenem Wunsch",IF(OR($B12<Einstellungen!$B$3,$C12>Einstellungen!$B$4),"Teils außerhalb des Planungsjahres","ok")))))) -> ok
A13: Beispiel David | B13: 46476 | C13: 46479 | D13: ja | F13: =IF($A13="","",IFERROR(INDEX(Team!$B$5:$B$64,MATCH($A13,Team!$A$5:$A$64,0)),"?")) -> Musiktherapie | G13: =IF($A13="","",COUNTIF($A$6:$A13,$A13)&". Wunsch") -> 2. Wunsch | H13: =IF(OR($A13="",$B13="",$C13="",$C13<$B13),"",NETWORKDAYS($B13,$C13,Einstellungen!$N$7:$N$40)) -> 4 | I13: =IF($A13="","",IF(OR($B13="",$C13=""),"Von und Bis eintragen",IF($C13<$B13,"Bis liegt vor Von",IF(ISNA(MATCH($A13,Team!$A$5:$A$64,0)),"Name fehlt im Blatt Team",IF(COUNTIFS($A$6:$A$605,$A13,$B$6:$B$605,"<="&$C13,$C$6:$C$605,">="&$B13)>1,"Überschneidet sich mit eigenem Wunsch",IF(OR($B13<Einstellungen!$B$3,$C13>Einstellungen!$B$4),"Teils außerhalb des Planungsjahres","ok")))))) -> ok
A14: Beispiel Eva | B14: 46671 | C14: 46682 | D14: etwas | F14: =IF($A14="","",IFERROR(INDEX(Team!$B$5:$B$64,MATCH($A14,Team!$A$5:$A$64,0)),"?")) -> Musiktherapie | G14: =IF($A14="","",COUNTIF($A$6:$A14,$A14)&". Wunsch") -> 1. Wunsch | H14: =IF(OR($A14="",$B14="",$C14="",$C14<$B14),"",NETWORKDAYS($B14,$C14,Einstellungen!$N$7:$N$40)) -> 10 | I14: =IF($A14="","",IF(OR($B14="",$C14=""),"Von und Bis eintragen",IF($C14<$B14,"Bis liegt vor Von",IF(ISNA(MATCH($A14,Team!$A$5:$A$64,0)),"Name fehlt im Blatt Team",IF(COUNTIFS($A$6:$A$605,$A14,$B$6:$B$605,"<="&$C14,$C$6:$C$605,">="&$B14)>1,"Überschneidet sich mit eigenem Wunsch",IF(OR($B14<Einstellungen!$B$3,$C14>Einstellungen!$B$4),"Teils außerhalb des Planungsjahres","ok")))))) -> ok
A15: Beispiel Finn | B15: 46587 | C15: 46598 | D15: ja | E15: Station 1 wäre dann zu dünn – klären | F15: =IF($A15="","",IFERROR(INDEX(Team!$B$5:$B$64,MATCH($A15,Team!$A$5:$A$64,0)),"?")) -> Bewegungstherapie | G15: =IF($A15="","",COUNTIF($A$6:$A15,$A15)&". Wunsch") -> 1. Wunsch | H15: =IF(OR($A15="",$B15="",$C15="",$C15<$B15),"",NETWORKDAYS($B15,$C15,Einstellungen!$N$7:$N$40)) -> 10 | I15: =IF($A15="","",IF(OR($B15="",$C15=""),"Von und Bis eintragen",IF($C15<$B15,"Bis liegt vor Von",IF(ISNA(MATCH($A15,Team!$A$5:$A$64,0)),"Name fehlt im Blatt Team",IF(COUNTIFS($A$6:$A$605,$A15,$B$6:$B$605,"<="&$C15,$C$6:$C$605,">="&$B15)>1,"Überschneidet sich mit eigenem Wunsch",IF(OR($B15<Einstellungen!$B$3,$C15>Einstellungen!$B$4),"Teils außerhalb des Planungsjahres","ok")))))) -> ok
A16: Beispiel Gül | B16: 46615 | C16: 46633 | D16: nein | F16: =IF($A16="","",IFERROR(INDEX(Team!$B$5:$B$64,MATCH($A16,Team!$A$5:$A$64,0)),"?")) -> Bewegungstherapie | G16: =IF($A16="","",COUNTIF($A$6:$A16,$A16)&". Wunsch") -> 1. Wunsch | H16: =IF(OR($A16="",$B16="",$C16="",$C16<$B16),"",NETWORKDAYS($B16,$C16,Einstellungen!$N$7:$N$40)) -> 15 | I16: =IF($A16="","",IF(OR($B16="",$C16=""),"Von und Bis eintragen",IF($C16<$B16,"Bis liegt vor Von",IF(ISNA(MATCH($A16,Team!$A$5:$A$64,0)),"Name fehlt im Blatt Team",IF(COUNTIFS($A$6:$A$605,$A16,$B$6:$B$605,"<="&$C16,$C$6:$C$605,">="&$B16)>1,"Überschneidet sich mit eigenem Wunsch",IF(OR($B16<Einstellungen!$B$3,$C16>Einstellungen!$B$4),"Teils außerhalb des Planungsjahres","ok")))))) -> ok
F17: =IF($A17="","",IFERROR(INDEX(Team!$B$5:$B$64,MATCH($A17,Team!$A$5:$A$64,0)),"?")) | G17: =IF($A17="","",COUNTIF($A$6:$A17,$A17)&". Wunsch") | H17: =IF(OR($A17="",$B17="",$C17="",$C17<$B17),"",NETWORKDAYS($B17,$C17,Einstellungen!$N$7:$N$40)) | I17: =IF($A17="","",IF(OR($B17="",$C17=""),"Von und Bis eintragen",IF($C17<$B17,"Bis liegt vor Von",IF(ISNA(MATCH($A17,Team!$A$5:$A$64,0)),"Name fehlt im Blatt Team",IF(COUNTIFS($A$6:$A$605,$A17,$B$6:$B$605,"<="&$C17,$C$6:$C$605,">="&$B17)>1,"Überschneidet sich mit eigenem Wunsch",IF(OR($B17<Einstellungen!$B$3,$C17>Einstellungen!$B$4),"Teils außerhalb des Planungsjahres","ok"))))))
F18: =IF($A18="","",IFERROR(INDEX(Team!$B$5:$B$64,MATCH($A18,Team!$A$5:$A$64,0)),"?")) | G18: =IF($A18="","",COUNTIF($A$6:$A18,$A18)&". Wunsch") | H18: =IF(OR($A18="",$B18="",$C18="",$C18<$B18),"",NETWORKDAYS($B18,$C18,Einstellungen!$N$7:$N$40)) | I18: =IF($A18="","",IF(OR($B18="",$C18=""),"Von und Bis eintragen",IF($C18<$B18,"Bis liegt vor Von",IF(ISNA(MATCH($A18,Team!$A$5:$A$64,0)),"Name fehlt im Blatt Team",IF(COUNTIFS($A$6:$A$605,$A18,$B$6:$B$605,"<="&$C18,$C$6:$C$605,">="&$B18)>1,"Überschneidet sich mit eigenem Wunsch",IF(OR($B18<Einstellungen!$B$3,$C18>Einstellungen!$B$4),"Teils außerhalb des Planungsjahres","ok"))))))
F19: =IF($A19="","",IFERROR(INDEX(Team!$B$5:$B$64,MATCH($A19,Team!$A$5:$A$64,0)),"?")) | G19: =IF($A19="","",COUNTIF($A$6:$A19,$A19)&". Wunsch") | H19: =IF(OR($A19="",$B19="",$C19="",$C19<$B19),"",NETWORKDAYS($B19,$C19,Einstellungen!$N$7:$N$40)) | I19: =IF($A19="","",IF(OR($B19="",$C19=""),"Von und Bis eintragen",IF($C19<$B19,"Bis liegt vor Von",IF(ISNA(MATCH($A19,Team!$A$5:$A$64,0)),"Name fehlt im Blatt Team",IF(COUNTIFS($A$6:$A$605,$A19,$B$6:$B$605,"<="&$C19,$C$6:$C$605,">="&$B19)>1,"Überschneidet sich mit eigenem Wunsch",IF(OR($B19<Einstellungen!$B$3,$C19>Einstellungen!$B$4),"Teils außerhalb des Planungsjahres","ok"))))))
F20: =IF($A20="","",IFERROR(INDEX(Team!$B$5:$B$64,MATCH($A20,Team!$A$5:$A$64,0)),"?")) | G20: =IF($A20="","",COUNTIF($A$6:$A20,$A20)&". Wunsch") | H20: =IF(OR($A20="",$B20="",$C20="",$C20<$B20),"",NETWORKDAYS($B20,$C20,Einstellungen!$N$7:$N$40)) | I20: =IF($A20="","",IF(OR($B20="",$C20=""),"Von und Bis eintragen",IF($C20<$B20,"Bis liegt vor Von",IF(ISNA(MATCH($A20,Team!$A$5:$A$64,0)),"Name fehlt im Blatt Team",IF(COUNTIFS($A$6:$A$605,$A20,$B$6:$B$605,"<="&$C20,$C$6:$C$605,">="&$B20)>1,"Überschneidet sich mit eigenem Wunsch",IF(OR($B20<Einstellungen!$B$3,$C20>Einstellungen!$B$4),"Teils außerhalb des Planungsjahres","ok"))))))
F21: =IF($A21="","",IFERROR(INDEX(Team!$B$5:$B$64,MATCH($A21,Team!$A$5:$A$64,0)),"?")) | G21: =IF($A21="","",COUNTIF($A$6:$A21,$A21)&". Wunsch") | H21: =IF(OR($A21="",$B21="",$C21="",$C21<$B21),"",NETWORKDAYS($B21,$C21,Einstellungen!$N$7:$N$40)) | I21: =IF($A21="","",IF(OR($B21="",$C21=""),"Von und Bis eintragen",IF($C21<$B21,"Bis liegt vor Von",IF(ISNA(MATCH($A21,Team!$A$5:$A$64,0)),"Name fehlt im Blatt Team",IF(COUNTIFS($A$6:$A$605,$A21,$B$6:$B$605,"<="&$C21,$C$6:$C$605,">="&$B21)>1,"Überschneidet sich mit eigenem Wunsch",IF(OR($B21<Einstellungen!$B$3,$C21>Einstellungen!$B$4),"Teils außerhalb des Planungsjahres","ok"))))))
F22: =IF($A22="","",IFERROR(INDEX(Team!$B$5:$B$64,MATCH($A22,Team!$A$5:$A$64,0)),"?")) | G22: =IF($A22="","",COUNTIF($A$6:$A22,$A22)&". Wunsch") | H22: =IF(OR($A22="",$B22="",$C22="",$C22<$B22),"",NETWORKDAYS($B22,$C22,Einstellungen!$N$7:$N$40)) | I22: =IF($A22="","",IF(OR($B22="",$C22=""),"Von und Bis eintragen",IF($C22<$B22,"Bis liegt vor Von",IF(ISNA(MATCH($A22,Team!$A$5:$A$64,0)),"Name fehlt im Blatt Team",IF(COUNTIFS($A$6:$A$605,$A22,$B$6:$B$605,"<="&$C22,$C$6:$C$605,">="&$B22)>1,"Überschneidet sich mit eigenem Wunsch",IF(OR($B22<Einstellungen!$B$3,$C22>Einstellungen!$B$4),"Teils außerhalb des Planungsjahres","ok"))))))
F23: =IF($A23="","",IFERROR(INDEX(Team!$B$5:$B$64,MATCH($A23,Team!$A$5:$A$64,0)),"?")) | G23: =IF($A23="","",COUNTIF($A$6:$A23,$A23)&". Wunsch") | H23: =IF(OR($A23="",$B23="",$C23="",$C23<$B23),"",NETWORKDAYS($B23,$C23,Einstellungen!$N$7:$N$40)) | I23: =IF($A23="","",IF(OR($B23="",$C23=""),"Von und Bis eintragen",IF($C23<$B23,"Bis liegt vor Von",IF(ISNA(MATCH($A23,Team!$A$5:$A$64,0)),"Name fehlt im Blatt Team",IF(COUNTIFS($A$6:$A$605,$A23,$B$6:$B$605,"<="&$C23,$C$6:$C$605,">="&$B23)>1,"Überschneidet sich mit eigenem Wunsch",IF(OR($B23<Einstellungen!$B$3,$C23>Einstellungen!$B$4),"Teils außerhalb des Planungsjahres","ok"))))))
F24: =IF($A24="","",IFERROR(INDEX(Team!$B$5:$B$64,MATCH($A24,Team!$A$5:$A$64,0)),"?")) | G24: =IF($A24="","",COUNTIF($A$6:$A24,$A24)&". Wunsch") | H24: =IF(OR($A24="",$B24="",$C24="",$C24<$B24),"",NETWORKDAYS($B24,$C24,Einstellungen!$N$7:$N$40)) | I24: =IF($A24="","",IF(OR($B24="",$C24=""),"Von und Bis eintragen",IF($C24<$B24,"Bis liegt vor Von",IF(ISNA(MATCH($A24,Team!$A$5:$A$64,0)),"Name fehlt im Blatt Team",IF(COUNTIFS($A$6:$A$605,$A24,$B$6:$B$605,"<="&$C24,$C$6:$C$605,">="&$B24)>1,"Überschneidet sich mit eigenem Wunsch",IF(OR($B24<Einstellungen!$B$3,$C24>Einstellungen!$B$4),"Teils außerhalb des Planungsjahres","ok"))))))
F25: =IF($A25="","",IFERROR(INDEX(Team!$B$5:$B$64,MATCH($A25,Team!$A$5:$A$64,0)),"?")) | G25: =IF($A25="","",COUNTIF($A$6:$A25,$A25)&". Wunsch") | H25: =IF(OR($A25="",$B25="",$C25="",$C25<$B25),"",NETWORKDAYS($B25,$C25,Einstellungen!$N$7:$N$40)) | I25: =IF($A25="","",IF(OR($B25="",$C25=""),"Von und Bis eintragen",IF($C25<$B25,"Bis liegt vor Von",IF(ISNA(MATCH($A25,Team!$A$5:$A$64,0)),"Name fehlt im Blatt Team",IF(COUNTIFS($A$6:$A$605,$A25,$B$6:$B$605,"<="&$C25,$C$6:$C$605,">="&$B25)>1,"Überschneidet sich mit eigenem Wunsch",IF(OR($B25<Einstellungen!$B$3,$C25>Einstellungen!$B$4),"Teils außerhalb des Planungsjahres","ok"))))))
F26: =IF($A26="","",IFERROR(INDEX(Team!$B$5:$B$64,MATCH($A26,Team!$A$5:$A$64,0)),"?")) | G26: =IF($A26="","",COUNTIF($A$6:$A26,$A26)&". Wunsch") | H26: =IF(OR($A26="",$B26="",$C26="",$C26<$B26),"",NETWORKDAYS($B26,$C26,Einstellungen!$N$7:$N$40)) | I26: =IF($A26="","",IF(OR($B26="",$C26=""),"Von und Bis eintragen",IF($C26<$B26,"Bis liegt vor Von",IF(ISNA(MATCH($A26,Team!$A$5:$A$64,0)),"Name fehlt im Blatt Team",IF(COUNTIFS($A$6:$A$605,$A26,$B$6:$B$605,"<="&$C26,$C$6:$C$605,">="&$B26)>1,"Überschneidet sich mit eigenem Wunsch",IF(OR($B26<Einstellungen!$B$3,$C26>Einstellungen!$B$4),"Teils außerhalb des Planungsjahres","ok"))))))
F27: =IF($A27="","",IFERROR(INDEX(Team!$B$5:$B$64,MATCH($A27,Team!$A$5:$A$64,0)),"?")) | G27: =IF($A27="","",COUNTIF($A$6:$A27,$A27)&". Wunsch") | H27: =IF(OR($A27="",$B27="",$C27="",$C27<$B27),"",NETWORKDAYS($B27,$C27,Einstellungen!$N$7:$N$40)) | I27: =IF($A27="","",IF(OR($B27="",$C27=""),"Von und Bis eintragen",IF($C27<$B27,"Bis liegt vor Von",IF(ISNA(MATCH($A27,Team!$A$5:$A$64,0)),"Name fehlt im Blatt Team",IF(COUNTIFS($A$6:$A$605,$A27,$B$6:$B$605,"<="&$C27,$C$6:$C$605,">="&$B27)>1,"Überschneidet sich mit eigenem Wunsch",IF(OR($B27<Einstellungen!$B$3,$C27>Einstellungen!$B$4),"Teils außerhalb des Planungsjahres","ok"))))))
F28: =IF($A28="","",IFERROR(INDEX(Team!$B$5:$B$64,MATCH($A28,Team!$A$5:$A$64,0)),"?")) | G28: =IF($A28="","",COUNTIF($A$6:$A28,$A28)&". Wunsch") | H28: =IF(OR($A28="",$B28="",$C28="",$C28<$B28),"",NETWORKDAYS($B28,$C28,Einstellungen!$N$7:$N$40)) | I28: =IF($A28="","",IF(OR($B28="",$C28=""),"Von und Bis eintragen",IF($C28<$B28,"Bis liegt vor Von",IF(ISNA(MATCH($A28,Team!$A$5:$A$64,0)),"Name fehlt im Blatt Team",IF(COUNTIFS($A$6:$A$605,$A28,$B$6:$B$605,"<="&$C28,$C$6:$C$605,">="&$B28)>1,"Überschneidet sich mit eigenem Wunsch",IF(OR($B28<Einstellungen!$B$3,$C28>Einstellungen!$B$4),"Teils außerhalb des Planungsjahres","ok"))))))
... F605: =IF($A605="","",IFERROR(INDEX(Team!$B$5:$B$64,MATCH($A605,Team!$A$5:$A$64,0)),"?")) | G605: =IF($A605="","",COUNTIF($A$6:$A605,$A605)&". Wunsch") | H605: =IF(OR($A605="",$B605="",$C605="",$C605<$B605),"",NETWORKDAYS($B605,$C605,Einstellungen!$N$7:$N$40)) | I605: =IF($A605="","",IF(OR($B605="",$C605=""),"Von und Bis eintragen",IF($C605<$B605,"Bis liegt vor Von",IF(ISNA(MATCH($A605,Team!$A$5:$A$64,0)),"Name fehlt im Blatt Team",IF(COUNTIFS($A$6:$A$605,$A605,$B$6:$B$605,"<="&$C605,$C$6:$C$605,">="&$B605)>1,"Überschneidet sich mit eigenem Wunsch",IF(OR($B605<Einstellungen!$B$3,$C605>Einstellungen!$B$4),"Teils außerhalb des Planungsjahres","ok"))))))

Sheet Team
A1: Team
A2: Eine Zeile pro Person, Name eindeutig (z. B. »Anna M.«). Fachrichtung und Stationen aus der Liste wählen. Nur die verantwortliche Person pflegt dieses Blatt.
A4: Name | B4: Fachrichtung | C4: Station 1 | D4: Station 2 | E4: Station 3 | F4: Station 4 | G4: Urlaubs- anspruch (Tage) | H4: Bemerkung | I4: Anzahl Wünsche | J4: Gewünschte Arbeitstage | K4: Rest
A5: Beispiel Anna | B5: Ergotherapie | C5: Station 1 | D5: Station 2 | G5: 30 | I5: =IF($A5="","",COUNTIF(Wünsche!$A$6:$A$605,$A5)) -> 3 | J5: =IF($A5="","",SUMIF(Wünsche!$A$6:$A$605,$A5,Wünsche!$H$6:$H$605)) -> 25 | K5: =IF(OR($A5="",G5=""),"",G5-J5) -> 5
A6: Beispiel Ben | B6: Ergotherapie | C6: Station 3 | D6: StäB | G6: 30 | I6: =IF($A6="","",COUNTIF(Wünsche!$A$6:$A$605,$A6)) -> 2 | J6: =IF($A6="","",SUMIF(Wünsche!$A$6:$A$605,$A6,Wünsche!$H$6:$H$605)) -> 16 | K6: =IF(OR($A6="",G6=""),"",G6-J6) -> 14
A7: Beispiel Clara | B7: Ergotherapie | C7: TK Depression | D7: TK Sucht | E7: Station 1 | G7: 24 | I7: =IF($A7="","",COUNTIF(Wünsche!$A$6:$A$605,$A7)) -> 1 | J7: =IF($A7="","",SUMIF(Wünsche!$A$6:$A$605,$A7,Wünsche!$H$6:$H$605)) -> 15 | K7: =IF(OR($A7="",G7=""),"",G7-J7) -> 9
A8: Beispiel David | B8: Musiktherapie | C8: Station 1 | D8: Station 3 | G8: 30 | I8: =IF($A8="","",COUNTIF(Wünsche!$A$6:$A$605,$A8)) -> 2 | J8: =IF($A8="","",SUMIF(Wünsche!$A$6:$A$605,$A8,Wünsche!$H$6:$H$605)) -> 19 | K8: =IF(OR($A8="",G8=""),"",G8-J8) -> 11
A9: Beispiel Eva | B9: Musiktherapie | C9: Station 2 | D9: TK Depression | G9: 30 | I9: =IF($A9="","",COUNTIF(Wünsche!$A$6:$A$605,$A9)) -> 1 | J9: =IF($A9="","",SUMIF(Wünsche!$A$6:$A$605,$A9,Wünsche!$H$6:$H$605)) -> 10 | K9: =IF(OR($A9="",G9=""),"",G9-J9) -> 20
A10: Beispiel Finn | B10: Bewegungstherapie | C10: Station 1 | D10: TK Sucht | G10: 30 | I10: =IF($A10="","",COUNTIF(Wünsche!$A$6:$A$605,$A10)) -> 1 | J10: =IF($A10="","",SUMIF(Wünsche!$A$6:$A$605,$A10,Wünsche!$H$6:$H$605)) -> 10 | K10: =IF(OR($A10="",G10=""),"",G10-J10) -> 20
A11: Beispiel Gül | B11: Bewegungstherapie | C11: Station 2 | D11: Station 3 | E11: TK Depression | G11: 28 | I11: =IF($A11="","",COUNTIF(Wünsche!$A$6:$A$605,$A11)) -> 1 | J11: =IF($A11="","",SUMIF(Wünsche!$A$6:$A$605,$A11,Wünsche!$H$6:$H$605)) -> 15 | K11: =IF(OR($A11="",G11=""),"",G11-J11) -> 13
I12: =IF($A12="","",COUNTIF(Wünsche!$A$6:$A$605,$A12)) | J12: =IF($A12="","",SUMIF(Wünsche!$A$6:$A$605,$A12,Wünsche!$H$6:$H$605)) | K12: =IF(OR($A12="",G12=""),"",G12-J12)
I13: =IF($A13="","",COUNTIF(Wünsche!$A$6:$A$605,$A13)) | J13: =IF($A13="","",SUMIF(Wünsche!$A$6:$A$605,$A13,Wünsche!$H$6:$H$605)) | K13: =IF(OR($A13="",G13=""),"",G13-J13)
I14: =IF($A14="","",COUNTIF(Wünsche!$A$6:$A$605,$A14)) | J14: =IF($A14="","",SUMIF(Wünsche!$A$6:$A$605,$A14,Wünsche!$H$6:$H$605)) | K14: =IF(OR($A14="",G14=""),"",G14-J14)
I15: =IF($A15="","",COUNTIF(Wünsche!$A$6:$A$605,$A15)) | J15: =IF($A15="","",SUMIF(Wünsche!$A$6:$A$605,$A15,Wünsche!$H$6:$H$605)) | K15: =IF(OR($A15="",G15=""),"",G15-J15)
I16: =IF($A16="","",COUNTIF(Wünsche!$A$6:$A$605,$A16)) | J16: =IF($A16="","",SUMIF(Wünsche!$A$6:$A$605,$A16,Wünsche!$H$6:$H$605)) | K16: =IF(OR($A16="",G16=""),"",G16-J16)
I17: =IF($A17="","",COUNTIF(Wünsche!$A$6:$A$605,$A17)) | J17: =IF($A17="","",SUMIF(Wünsche!$A$6:$A$605,$A17,Wünsche!$H$6:$H$605)) | K17: =IF(OR($A17="",G17=""),"",G17-J17)
I18: =IF($A18="","",COUNTIF(Wünsche!$A$6:$A$605,$A18)) | J18: =IF($A18="","",SUMIF(Wünsche!$A$6:$A$605,$A18,Wünsche!$H$6:$H$605)) | K18: =IF(OR($A18="",G18=""),"",G18-J18)
I19: =IF($A19="","",COUNTIF(Wünsche!$A$6:$A$605,$A19)) | J19: =IF($A19="","",SUMIF(Wünsche!$A$6:$A$605,$A19,Wünsche!$H$6:$H$605)) | K19: =IF(OR($A19="",G19=""),"",G19-J19)
I20: =IF($A20="","",COUNTIF(Wünsche!$A$6:$A$605,$A20)) | J20: =IF($A20="","",SUMIF(Wünsche!$A$6:$A$605,$A20,Wünsche!$H$6:$H$605)) | K20: =IF(OR($A20="",G20=""),"",G20-J20)
I21: =IF($A21="","",COUNTIF(Wünsche!$A$6:$A$605,$A21)) | J21: =IF($A21="","",SUMIF(Wünsche!$A$6:$A$605,$A21,Wünsche!$H$6:$H$605)) | K21: =IF(OR($A21="",G21=""),"",G21-J21)
I22: =IF($A22="","",COUNTIF(Wünsche!$A$6:$A$605,$A22)) | J22: =IF($A22="","",SUMIF(Wünsche!$A$6:$A$605,$A22,Wünsche!$H$6:$H$605)) | K22: =IF(OR($A22="",G22=""),"",G22-J22)
I23: =IF($A23="","",COUNTIF(Wünsche!$A$6:$A$605,$A23)) | J23: =IF($A23="","",SUMIF(Wünsche!$A$6:$A$605,$A23,Wünsche!$H$6:$H$605)) | K23: =IF(OR($A23="",G23=""),"",G23-J23)
... I64: =IF($A64="","",COUNTIF(Wünsche!$A$6:$A$605,$A64)) | J64: =IF($A64="","",SUMIF(Wünsche!$A$6:$A$605,$A64,Wünsche!$H$6:$H$605)) | K64: =IF(OR($A64="",G64=""),"",G64-J64)

Sheet Einstellungen
A1: Einstellungen
A2: Nur die verantwortliche Person ändert dieses Blatt. Hellgelb = Eingabe. Ampel-Werte = ab wie vielen gleichzeitig Abwesenden die Farbe gilt.
A3: Startdatum Planungszeitraum | B3: 46388 | D3: ← Die Urlaubsansicht zeigt ab hier 366 Tage.
A4: Letzter Tag (berechnet) | B4: =B3+365 -> 46753
B5: Fachteam: leer = keine Ampel | I5: Station: leer = Standardregel | N5: Bundesweite Feiertage vorbelegt – Landesfeiertage ergänzen!
A6: Fachrichtung | B6: Gelb ab … weg | C6: Hellrot ab … weg | D6: Dunkelrot ab … weg | E6: Personen | F6: Farbe | H6: Station | I6: Gelb ab … weg | J6: Hellrot ab … weg | K6: Dunkelrot ab … weg | L6: Therapeut: innen | N6: Feiertag | O6: Bezeichnung
A7: Ergotherapie | B7: 2 | D7: 3 | E7: =IF(A7="","",COUNTIF(Team!$B$5:$B$64,A7)) -> 3 | H7: StäB | L7: =IF(H7="","",COUNTIF(Team!$C$5:$F$64,H7)) -> 1 | N7: 46388 | O7: Neujahr
A8: Musiktherapie | D8: 2 | E8: =IF(A8="","",COUNTIF(Team!$B$5:$B$64,A8)) -> 2 | H8: Station 1 | L8: =IF(H8="","",COUNTIF(Team!$C$5:$F$64,H8)) -> 4 | N8: 46472 | O8: Karfreitag
A9: Bewegungstherapie | D9: 2 | E9: =IF(A9="","",COUNTIF(Team!$B$5:$B$64,A9)) -> 2 | H9: Station 2 | L9: =IF(H9="","",COUNTIF(Team!$C$5:$F$64,H9)) -> 3 | N9: 46475 | O9: Ostermontag
A10: Kunsttherapie | E10: =IF(A10="","",COUNTIF(Team!$B$5:$B$64,A10)) -> 0 | H10: Station 3 | L10: =IF(H10="","",COUNTIF(Team!$C$5:$F$64,H10)) -> 3 | N10: 46508 | O10: Tag der Arbeit
E11: =IF(A11="","",COUNTIF(Team!$B$5:$B$64,A11)) | H11: Station 4 | L11: =IF(H11="","",COUNTIF(Team!$C$5:$F$64,H11)) -> 0 | N11: 46513 | O11: Christi Himmelfahrt
E12: =IF(A12="","",COUNTIF(Team!$B$5:$B$64,A12)) | H12: Station 5 | L12: =IF(H12="","",COUNTIF(Team!$C$5:$F$64,H12)) -> 0 | N12: 46524 | O12: Pfingstmontag
E13: =IF(A13="","",COUNTIF(Team!$B$5:$B$64,A13)) | H13: Station 6 | L13: =IF(H13="","",COUNTIF(Team!$C$5:$F$64,H13)) -> 0 | N13: 46663 | O13: Tag der Deutschen Einheit
E14: =IF(A14="","",COUNTIF(Team!$B$5:$B$64,A14)) | H14: Station 7 | L14: =IF(H14="","",COUNTIF(Team!$C$5:$F$64,H14)) -> 0 | N14: 46746 | O14: 1. Weihnachtstag
E15: =IF(A15="","",COUNTIF(Team!$B$5:$B$64,A15)) | H15: TK Migration | L15: =IF(H15="","",COUNTIF(Team!$C$5:$F$64,H15)) -> 0 | N15: 46747 | O15: 2. Weihnachtstag
E16: =IF(A16="","",COUNTIF(Team!$B$5:$B$64,A16)) | H16: TK Sucht | L16: =IF(H16="","",COUNTIF(Team!$C$5:$F$64,H16)) -> 2
H17: TK Depression | L17: =IF(H17="","",COUNTIF(Team!$C$5:$F$64,H17)) -> 3
H18: TK Psychosomatik | L18: =IF(H18="","",COUNTIF(Team!$C$5:$F$64,H18)) -> 0
H19: TK Allgemeinpsychiatrie | L19: =IF(H19="","",COUNTIF(Team!$C$5:$F$64,H19)) -> 0
H20: TK 55+ | L20: =IF(H20="","",COUNTIF(Team!$C$5:$F$64,H20)) -> 0
L21: =IF(H21="","",COUNTIF(Team!$C$5:$F$64,H21))
L22: =IF(H22="","",COUNTIF(Team!$C$5:$F$64,H22))
L23: =IF(H23="","",COUNTIF(Team!$C$5:$F$64,H23))
L24: =IF(H24="","",COUNTIF(Team!$C$5:$F$64,H24))
L25: =IF(H25="","",COUNTIF(Team!$C$5:$F$64,H25))
L26: =IF(H26="","",COUNTIF(Team!$C$5:$F$64,H26))
L27: =IF(H27="","",COUNTIF(Team!$C$5:$F$64,H27))
L28: =IF(H28="","",COUNTIF(Team!$C$5:$F$64,H28))
L29: =IF(H29="","",COUNTIF(Team!$C$5:$F$64,H29))
L30: =IF(H30="","",COUNTIF(Team!$C$5:$F$64,H30))
L31: =IF(H31="","",COUNTIF(Team!$C$5:$F$64,H31))
L32: =IF(H32="","",COUNTIF(Team!$C$5:$F$64,H32))
... L36: =IF(H36="","",COUNTIF(Team!$C$5:$F$64,H36))
